[
  {
    "id": 1044,
    "Name":"Fran Morton",
    "Email":"fran.m@quama.edu",
    "Major":"Statistics",
    "year":2015
  },
  {
    "id":1035,
    "Name":"Kato Mullins",
    "Email":"tempor@giat.com",
    "Major":"Marketing",
    "year":2014
  },
  {
    "id":1046,
    "Name":"Jordan Keller",
    "Email":"Cum@gmail.com",
    "Major":"Chemistry",
    "year":2014
  },
  {
    "id":1084,
    "Name":"Macey Simpson",
    "Email":"eu@famesacturpis.com",
    "Major":"Finance",
    "year":2016
  },
  {
    "id":1010,
    "Name":"Deanna Ortega",
    "Email":"Dea.Ortega@velit.ca",
    "Major":"Chemistry",
    "year":2016
  },
  {
    "id":1096,
    "Name":"Joe Eaton",
    "Email":"je@euismod.org",
    "Major":"MIS",
    "year":2014
  },
  {
    "id":1051,
    "Name":"Yoko Washington",
    "Email":"yoko@yahoo.co.uk",
    "Major":"Marketing",
    "year":2017
  },
  {
    "id":1074,
    "Name":"Ebony Farrell",
    "Email":"efarrella@gravid.com",
    "Major":"Chemistry",
    "year":2017
  },
  {
    "id":1034,
    "Name":"Quinn Delacruz",
    "Email":"Delacruz@shu.edu",
    "Major":"Marketing",
    "year":2017
  },
  {
    "id":1028,
    "Name":"Magee Humphrey",
    "Email":"mageehump@gmail.com",
    "Major":"Physics",
    "year":2016
  },
  {
    "id":1003,
    "Name":"Kaitlin Cooper",
    "Email":"kcooper@hotmail.com",
    "Major":"Accounting",
    "year":2014
  },
  {
    "id":1021,
    "Name":"Carson Roy",
    "Email":"croy@yahoo.com",
    "Major":"History",
    "year":2017
  }
]
